{
  "project_info": {
    "project_number": "29756286932",
    "project_id": "nearpointsofinterest",
    "storage_bucket": "nearpointsofinterest.appspot.com"
  },
  "client": [
    {
      "client_info": {
        "mobilesdk_app_id": "1:29756286932:android:26f7896fde3490b31b1841",
        "android_client_info": {
          "package_name": "com.example.nearpointsofinterest"
        }
      },
      "oauth_client": [
        {
          "client_id": "29756286932-jp6iv0un6csmvpamne6odemdo37rdmbb.apps.googleusercontent.com",
          "client_type": 1,
          "android_info": {
            "package_name": "com.example.nearpointsofinterest",
            "certificate_hash": "0d8959e816c12e9509164c617da673545f5be429"
          }
        },
        {
          "client_id": "29756286932-h9mk2hq88n4n8qsrmnhf37chgpeh9mrn.apps.googleusercontent.com",
          "client_type": 3
        }
      ],
      "api_key": [
        {
          "current_key": "AIzaSyC09NnJvsYwBTVEvXjicR69UBX3Zca4BwA"
        }
      ],
      "services": {
        "appinvite_service": {
          "other_platform_oauth_client": [
            {
              "client_id": "29756286932-h9mk2hq88n4n8qsrmnhf37chgpeh9mrn.apps.googleusercontent.com",
              "client_type": 3
            }
          ]
        }
      }
    }
  ],
  "configuration_version": "1"
}